Customer ID,Customer Name
CC-12430,Chuck Clark
BP-11185,Ben Peterman
JF-15415,Jennifer Ferguson
KB-16600,Ken Brennan
PO-18865,Patrick O'Donnell
EB-13975,Erica Bern
EH-14005,Erica Hernandez
JM-15580,Jill Matthias
KH-16690,Kristen Hastings
JG-15160,James Galang
HM-14860,Harry Marie
BS-11755,Bruce Stewart
CS-12400,Christopher Schild
GH-14665,Greg Hansen
PO-18850,Patrick O'Brill
LO-17170,Lori Olson
KH-16360,Katherine Hughes
GA-14725,Guy Armstrong
SV-20935,Susan Vittorini
KB-16240,Karen Bern
AH-10210,Alan Hwang
MC-17845,Michael Chen
JL-15175,James Lanier
PC-18745,Pamela Coakley
JG-15310,Jason Gross
CV-12805,Cynthia Voltz
TC-21535,Tracy Collins
JB-16045,Julia Barnett
DP-13105,Dave Poirier
RF-19840,Roy Französisch
RA-19285,Ralph Arnett
AR-10540,Andy Reiter
AC-10615,Ann Chong
MH-18115,Mick Hernandez
FH-14365,Fred Hopkins
GD-14590,Giulietta Dortch
DB-13210,Dean Braden
JW-15955,Joni Wasserman
HG-15025,Hunter Glantz
CS-12355,Christine Sundaresam
MF-18250,Monica Federle
NC-18535,Nick Crebassa
JL-15130,Jack Lebron
JH-15430,Jennifer Halladay
SG-20080,Sandra Glassco
FM-14215,Filia McAdams
DR-12880,Dan Reichenbach
SE-20110,Sanjit Engle
LP-17095,Liz Preis
DK-12985,Darren Koutras
NS-18505,Neola Schneider
DK-13225,Dean Katz
JM-15655,Jim Mitchum
PK-19075,Pete Kriz
YC-21895,Yoseph Carroll
AG-10330,Alex Grayson
DK-13150,David Kendrick
SR-20425,Sharelle Roach
CM-12190,Charlotte Melton
BN-11515,Bradley Nguyen
YS-21880,Yana Sorensen
TP-21130,Theone Pippenger
MM-17920,Michael Moore
RM-19675,Robert Marley
JB-15400,Jennifer Braxton
DJ-13630,Doug Jacobs
JP-15520,Jeremy Pistek
BD-11635,Brian Derr
SK-19990,Sally Knutson
CM-12115,Chad McGuire
TT-21460,Tonja Turnell
HE-14800,Harold Engle
GZ-14470,Gary Zandusky
RA-19915,Russell Applegate
DB-13660,Duane Benoit
RD-19810,Ross DeVincentis
TS-21505,Tony Sayre
AT-10735,Annie Thurman
BP-11290,Beth Paige
VF-21715,Vicky Freymann
AH-10030,Aaron Hawkins
LC-17140,Logan Currie
AY-10555,Andy Yotov
AI-10855,Arianne Irving
AC-10450,Amy Cox
RB-19465,Rick Bensley
GB-14575,Giulietta Baptist
CA-12310,Christine Abelman
HR-14770,Hallie Redmond
AR-10510,Andrew Roberts
GM-14455,Gary Mitchum
PL-18925,Paul Lucas
KL-16555,Kelly Lampkin
KM-16225,Kalyca Meade
EP-13915,Emily Phan
SS-20140,Saphhira Shifley
LC-16885,Lena Creighton
KM-16660,Khloe Miller
MP-18175,Mike Pelletier
KN-16390,Katherine Nockton
BF-11170,Ben Ferrer
BP-11095,Bart Pistole
DV-13045,Darrin Van Huff
RB-19435,Richard Bierner
LH-16900,Lena Hernandez
MV-18190,Mike Vittorini
HF-14995,Herbert Flentye
SU-20665,Stephanie Ulpright
AA-10375,Allen Armold
JE-16165,Justin Ellison
EG-13900,Emily Grady
RD-19720,Roger Demir
LW-17215,Luke Weiss
LE-16810,Laurel Elliston
HA-14920,Helen Andreada
AH-10585,Angele Hood
DM-13345,Denise Monton
DB-13060,Dave Brooks
RS-19870,Roy Skaria
DK-12835,Damala Kotsonis
AT-10435,Alyssa Tate
HG-14965,Henry Goldwyn
MW-18220,Mitch Webber
DK-13375,Dennis Kane
WB-21850,William Brown
NB-18655,Nona Balk
KH-16510,Keith Herrera
AW-10840,Anthony Witt
BT-11680,Brian Thompson
DS-13180,David Smith
AS-10225,Alan Schoenberger
AS-10285,Alejandro Savely
JL-15835,John Lee
BH-11710,Brosina Hoffman
RB-19705,Roger Barcio
TS-21610,Troy Staebel
DB-13120,David Bremer
EB-13705,Ed Braxton
NG-18430,Nathan Gelder
NG-18355,Nat Gilpin
DB-13270,Deborah Brumfield
EM-14140,Eugene Moren
LS-16975,Lindsay Shagiari
BM-11650,Brian Moss
SF-20965,Sylvia Foulston
JE-15610,Jim Epp
MB-17305,Maria Bertelson
LB-16735,Larry Blacks
DJ-13510,Don Jones
CC-12370,Christopher Conant
HG-14845,Harry Greene
SN-20710,Steve Nguyen
SM-20320,Sean Miller
ML-18040,Michelle Lonsdale
NK-18490,Neil Knudson
CR-12820,Cyra Reiten
RW-19690,Robert Waldorf
SP-20860,Sung Pak
NP-18670,Nora Paige
MG-17650,Matthew Grinstein
NF-18385,Natalie Fritzler
CA-12265,Christina Anderson
RC-19960,Ryan Crowe
JM-15535,Jessica Myrick
BF-11080,Bart Folk
RD-19900,Ruben Dartt
KF-16285,Karen Ferguson
EB-14110,Eugene Barchas
JM-15865,John Murray
AR-10345,Alex Russell
JA-15970,Joseph Airdo
DM-12955,Dario Medina
RH-19495,Rick Hansen
MC-17575,Matt Collins
JM-16195,Justin MacKendrick
BB-11545,Brenda Bowman
DK-12895,Dana Kaydos
TD-20995,Tamara Dahlen
NS-18640,Noel Staavos
CS-11860,Cari Schnelling
MR-17545,Mathew Reese
Dl-13600,Dorris liebe
ME-17320,Maria Etezadi
BC-11125,Becky Castell
SB-20170,Sarah Bern
SB-20185,Sarah Brown
MD-17350,Maribeth Dona
AC-10420,Alyssa Crouse
PS-19045,Penelope Sewall
CK-12205,Chloris Kastensmidt
LP-17080,Liz Pelletier
AB-10060,Adam Bellavance
JP-16135,Julie Prescott
CS-12175,Charles Sheldon
JH-15910,Jonathan Howell
CA-12775,Cynthia Arntzen
MM-18055,Michelle Moray
BD-11320,Bill Donatelli
KL-16645,Ken Lonsdale
AH-10120,Adrian Hane
NH-18610,Nicole Hansen
ML-17755,Max Ludwig
MG-17890,Michael Granlund
KB-16585,Ken Black
BS-11380,Bill Stewart
SH-20395,Shahid Hopkins
DW-13540,Don Weiss
SP-20545,Sibella Parks
DA-13450,Dianna Arnett
LS-16945,Linda Southworth
HP-14815,Harold Pawlan
SW-20275,Scott Williamson
LT-17110,Liz Thompson
AH-10075,Adam Hart
ME-17725,Max Engle
FM-14290,Frank Merwin
CC-12610,Corey Catlett
PN-18775,Parhena Norris
SC-20800,Stuart Calhoun
SC-20380,Shahid Collister
FG-14260,Frank Gastineau
VP-21730,Victor Preis
MZ-17335,Maria Zettner
RP-19390,Resi Pölking
HZ-14950,Henia Zydlo
RO-19780,Rose O'Brian
TB-21625,Trudy Brown
BS-11590,Brendan Sweed
GT-14755,Guy Thornton
MV-17485,Mark Van Huff
SC-20440,Shaun Chance
BD-11500,Bradley Drucker
EB-13750,Edward Becker
DL-13315,Delfina Latchford
MN-17935,Michael Nguyen
TT-21070,Ted Trevino
JM-15250,Janet Martin
GT-14710,Greg Tran
RB-19795,Ross Baird
TS-21370,Todd Sumrall
DG-13300,Deirdre Greer
LS-17245,Lynn Smith
LW-16990,Lindsay Williams
DB-13615,Doug Bickford
SZ-20035,Sam Zeldin
PG-18820,Patrick Gardner
CM-12385,Christopher Martinez
DO-13645,Doug O'Connell
JR-16210,Justin Ritter
CS-12250,Chris Selesnick
JM-15265,Janet Molinari
AF-10870,Art Ferguson
RS-19765,Roland Schwarz
FH-14275,Frank Hawley
FO-14305,Frank Olsen
MD-17860,Michael Dominguez
JP-15460,Jennifer Patt
BP-11230,Benjamin Patterson
KA-16525,Kelly Andreada
LC-16930,Linda Cazamias
BF-11005,Barry Franz
SC-20050,Sample Company A
PJ-18835,Patrick Jones
DC-12850,Dan Campbell
TZ-21580,Tracy Zic
MC-18100,Mick Crebagga
CC-12475,Cindy Chapman
ES-14020,Erica Smith
GG-14650,Greg Guthrie
KH-16330,Katharine Harms
BG-11695,Brooke Gillingham
PR-18880,Patrick Ryan
MY-17380,Maribeth Yedwab
JW-15220,Jane Waco
AB-10105,Adrian Barton
JB-16000,Joy Bell-
JD-16150,Justin Deggeller
DD-13570,Dorothy Dickinson
JS-15685,Jim Sink
RD-19930,Russell D'Ascenzo
AS-10135,Adrian Shami
HL-15040,Hunter Lopez
CD-11920,Carlos Daly
DK-13090,Dave Kipp
VW-21775,Victoria Wilson
MB-18085,Mick Brown
AB-10150,Aimee Bixby
CD-12280,Christina DeMoss
SC-20770,Stewart Carmichael
EK-13795,Eileen Kiefer
NC-18415,Nathan Cano
CK-12595,Clytie Kelty
RA-19885,Ruben Ausman
KD-16345,Katherine Ducich
XP-21865,Xylona Preis
JK-15370,Jay Kimmel
CB-12025,Cassandra Brandow
KE-16420,Katrina Edelman
CC-12220,Chris Cortes
AP-10720,Anne Pryor
JE-15715,Joe Elijah
AD-10180,Alan Dominguez
TC-21295,Toby Carlisle
EM-14065,Erin Mull
PW-19030,Pauline Webber
CG-12040,Catherine Glotzbach
MT-17815,Meg Tillman
AW-10930,Arthur Wiediger
CB-12415,Christy Brittain
MW-18235,Mitch Willingham
GH-14425,Gary Hwang
SP-20620,Stefania Perrino
SB-20290,Sean Braxton
TB-21190,Thomas Brumley
MC-17590,Matt Collister
JE-15745,Joel Eaton
DR-12940,Daniel Raglin
MH-18025,Michelle Huthwaite
JL-15505,Jeremy Lonsdale
VM-21685,Valerie Mitchum
KN-16450,Kean Nguyen
PM-19135,Peter McVee
SM-20950,Suzanne McNair
DC-13285,Debra Catini
RR-19315,Ralph Ritter
DB-12910,Daniel Byrd
MJ-17740,Max Jones
ZC-21910,Zuschuss Carroll
AB-10600,Ann Blume
ML-17410,Maris LaWare
FP-14320,Frank Preis
MG-18145,Mike Gockenbach
CP-12085,Cathy Prescott
NZ-18565,Nick Zandusky
Dp-13240,Dean percer
JK-15730,Joe Kamberova
MM-18280,Muhammed MacIntyre
BP-11050,Barry Pond
AJ-10945,Ashley Jarboe
JC-15340,Jasper Cacioppo
MG-17875,Michael Grace
AG-10675,Anna Gayman
AG-10390,Allen Goldenen
BF-11020,Barry Französisch
KH-16630,Ken Heidel
SS-20410,Shahid Shariari
FM-14380,Fred McMath
TB-21355,Todd Boyes
SJ-20125,Sanjit Jacobs
JD-16015,Joy Daniels
NW-18400,Natalie Webber
TS-21430,Tom Stivers
DV-13465,Dianna Vittorini
KN-16705,Kristina Nunn
TB-21400,Tom Boeckenhauer
ZD-21925,Zuschuss Donatelli
RW-19540,Rick Wilson
DB-13555,Dorothy Badders
JK-16120,Julie Kriz
LB-16795,Laurel Beltran
CS-11950,Carlos Soltero
BS-11800,Bryan Spruell
SA-20830,Sue Ann Reed
HM-14980,Henry MacAllister
VB-21745,Victoria Brennan
RM-19750,Roland Murray
MH-17290,Marc Harrigan
PV-18985,Paul Van Hugh
CS-11845,Cari Sayre
BD-11770,Bryan Davis
MM-17260,Magdelene Morse
RS-19420,Ricardo Sperren
GB-14530,George Bell
CY-12745,Craig Yedwab
JF-15190,Jamie Frazer
BF-11215,Benjamin Farhat
JK-15205,Jamie Kunitz
JK-15625,Jim Karlsson
MA-17560,Matt Abelman
RA-19945,Ryan Akin
JC-16105,Julie Creighton
DM-13015,Darrin Martin
JO-15145,Jack O'Briant
RB-19330,Randy Bradley
ND-18370,Natalie DeCherney
CM-12160,Charles McCrossin
ML-17395,Marina Lichtenstein
JR-15700,Jocasta Rupert
IG-15085,Ivan Gibson
DW-13195,David Wiener
SH-19975,Sally Hughsby
TW-21025,Tamara Willingham
PG-18895,Paul Gonzalez
PH-18790,Patricia Hirasaki
RD-19480,Rick Duston
TH-21550,Tracy Hopkins
PS-18970,Paul Stevenson
OT-18730,Olvera Toch
SP-20920,Susan Pistek
FC-14245,Frank Carlisle
MY-18295,Muhammed Yedwab
TA-21385,Tom Ashbrook
HH-15010,Hilary Holden
HA-14905,Helen Abelman
MP-17965,Michael Paige
MO-17500,Mary O'Rourke
JS-16030,Joy Smith
BD-11620,Brian DeCherney
BO-11425,Bobby Odegard
SL-20155,Sara Luxemburg
AJ-10780,Anthony Jacobs
GH-14410,Gary Hansen
VP-21760,Victoria Pisteka
DL-13495,Dionis Lloyd
PT-19090,Pete Takahito
EL-13735,Ed Ludwig
AJ-10960,Astrea Jones
MC-17275,Marc Crier
BK-11260,Berenike Kampe
SV-20815,Stuart Van
AG-10765,Anthony Garverick
AG-10495,Andrew Gjertsen
SW-20245,Scot Wooten
CR-12730,Craig Reiter
CK-12760,Cyma Kinney
GM-14440,Gary McGarr
QJ-19255,Quincy Jones
CW-11905,Carl Weiss
EM-13825,Elizabeth Moffitt
CD-11980,Carol Darley
EB-14170,Evan Bailliet
SN-20560,Skye Norling
TH-21235,Tiffany House
PF-19225,Phillip Flathmann
SV-20365,Seth Vernon
IL-15100,Ivan Liston
SC-20695,Steve Chapman
BP-11155,Becky Pak
VG-21790,Vivek Gonzalez
BF-11275,Beth Fritzler
MT-18070,Michelle Tran
SC-20305,Sean Christensen
BW-11200,Ben Wallace
CT-11995,Carol Triggs
CL-11890,Carl Ludwig
ND-18460,Neil Ducich
NC-18625,Noah Childs
NR-18550,Nick Radford
GZ-14545,George Zrebassa
MG-17680,Maureen Gastineau
MC-17605,Matt Connell
JF-15490,Jeremy Farry
MG-18205,Mitch Gastineau
DB-13360,Dennis Bolton
EB-13870,Emily Burns
KS-16300,Karen Seio
CM-11815,Candace McMahon
BW-11110,Bart Watters
BT-11530,Bradley Talbott
BF-10975,Barbara Fisher
KC-16540,Kelly Collister
AS-10630,Ann Steele
AP-10915,Arthur Prichep
JO-15280,Jas O'Carroll
AG-10900,Arthur Gainer
FA-14230,Frank Atkinson
ME-18010,Michelle Ellison
SC-20575,Sonia Cooley
CA-11965,Carol Adams
PP-18955,Paul Prost
DS-13030,Darrin Sayre
LS-17200,Luke Schmidt
LC-16870,Lena Cacioppo
BD-11725,Bruce Degenhardt
RB-19360,Raymond Buch
DL-12865,Dan Lawera
PB-19105,Peter Bühler
BD-11605,Brian Dahlen
BE-11410,Bobby Elias
KW-16435,Katrina Willman
KT-16480,Kean Thornton
MH-17785,Maya Herman
PB-19150,Philip Brown
ES-14080,Erin Smith
TM-21010,Tamara Manning
ML-18265,Muhammed Lee
BM-11575,Brendan Murry
MO-17800,Meg O'Connel
PA-19060,Pete Armstrong
JF-15355,Jay Fein
AB-10165,Alan Barnes
GM-14500,Gene McClure
TC-21145,Theresa Coyne
CC-12145,Charles Crestani
SG-20605,Speros Goranitis
AS-10090,Adam Shillingsburg
EH-14185,Evan Henry
CL-12700,Craig Leslie
TB-21520,Tracy Blumstein
BB-10990,Barry Blumstein
TP-21415,Tom Prescott
GK-14620,Grace Kelly
PS-18760,Pamela Stobb
RD-19660,Robert Dilbeck
SO-20335,Sean O'Donnell
LC-17050,Liz Carlisle
KD-16495,Keith Dawkins
NF-18595,Nicole Fjeld
EM-14095,Eudokia Martin
CS-12460,Chuck Sachs
LF-17185,Luke Foster
GW-14605,Giulietta Weimer
MS-17980,Michael Stewart
RP-19855,Roy Phan
LR-16915,Lena Radford
DL-12925,Daniel Lacy
JF-15565,Jill Fjeld
AA-10645,Anna Andreadi
BG-11740,Bruce Geld
JH-15820,John Huston
RL-19615,Rob Lucas
MO-17950,Michael Oakman
TS-21655,Trudy Schmidt
DP-13000,Darren Powers
KB-16315,Karl Braun
FC-14335,Fred Chung
BG-11035,Barry Gonzalez
SF-20200,Sarah Foster
MS-17770,Maxwell Schwartz
ST-20530,Shui Tom
AH-10195,Alan Haines
AR-10405,Allen Rosenblatt
HJ-14875,Heather Jas
SC-20680,Steve Carroll
LR-17035,Lisa Ryan
SC-20845,Sung Chung
ED-13885,Emily Ducich
TM-21490,Tony Molinari
DO-13435,Denny Ordway
HW-14935,Helen Wasserman
PJ-19015,Pauline Johnson
EM-13810,Eleni McCrary
MK-17905,Michael Kennedy
EH-13765,Edward Hooks
BO-11350,Bill Overfelt
NP-18700,Nora Preis
SJ-20215,Sarah Jordon
RB-19570,Rob Beeghly
BN-11470,Brad Norvell
DL-13330,Denise Leinenbach
KM-16375,Katherine Murray
EB-13840,Ellis Ballard
PO-19195,Phillina Ober
AS-10045,Aaron Smayling
RW-19630,Rob Williams
JK-16090,Juliana Krohn
JD-15790,John Dryer
GM-14695,Greg Maxwell
AG-10300,Aleksandra Gannaway
JS-15595,Jill Stevenson
EJ-14155,Eva Jacobs
SC-20230,Scot Coram
JC-15385,Jenna Caffey
RD-19585,Rob Dowd
LW-17125,Liz Willingham
MK-18160,Mike Kennedy
DB-12970,Darren Budd
AM-10705,Anne McFarland
EJ-13720,Ed Jacobs
BT-11395,Bill Tyler
KD-16615,Ken Dana
EA-14035,Erin Ashbrook
EH-14125,Eugene Hildebrand
EC-14050,Erin Creighton
GM-14680,Greg Matthias
TC-21475,Tony Chapman
NM-18445,Nathan Mautz
LA-16780,Laura Armstrong
RF-19735,Roland Fjeld
CP-12340,Christine Phan
MH-17620,Matt Hagelstein
JC-15775,John Castell
AZ-10750,Annie Zypern
EM-14200,Evan Minnotte
EB-13930,Eric Barreto
SW-20350,Sean Wendt
SW-20455,Shaun Weien
AR-10825,Anthony Rawles
HR-14830,Harold Ryan
PO-19180,Philisse Overcash
BE-11335,Bill Eplett
AB-10255,Alejandro Ballentine
AJ-10795,Anthony Johnson
SF-20065,Sandra Flanagan
MH-17455,Mark Hamilton
RR-19525,Rick Reed
JH-15985,Joseph Holt
NP-18325,Naresj Patel
CM-12655,Corinna Mitchell
LT-16765,Larry Tron
KC-16675,Kimberly Carter
CS-12505,Cindy Stewart
LW-16825,Laurel Workman
CK-12325,Christine Kargatis
TB-21055,Ted Butterfield
TG-21640,Trudy Glocke
HK-14890,Heather Kirkland
DW-13585,Dorothy Wardle
RE-19450,Richard Eichhorn
TS-21085,Thais Sissman
SG-20470,Sheri Gordon
MC-17635,Matthew Clasen
SC-20725,Steven Cartwright
SC-20260,Scott Cohen
TT-21220,Thomas Thornton
AA-10315,Alex Avila
CJ-12010,Caroline Jumper
TR-21325,Toby Ritter
MA-17995,Michelle Arnett
JE-15475,Jeremy Ellison
DB-13405,Denny Blanton
GA-14515,George Ashbrook
AS-10240,Alan Shonely
CC-12670,Craig Carreira
PF-19165,Philip Fox
SR-20740,Steven Roelle
CB-12535,Claudia Bergmann
TS-21205,Thomas Seio
CC-12550,Clay Cheatham
SD-20485,Shirley Daniels
PB-18805,Patrick Bzostek
TH-21115,Thea Hudgings
TN-21040,Tanja Norvell
RK-19300,Ralph Kennedy
SS-20875,Sung Shariari
KB-16405,Katrina Bavinger
VM-21835,Vivian Mathis
JL-15235,Janet Lee
BW-11065,Barry Weirich
LH-17020,Lisa Hazard
AH-10465,Amy Hunt
DP-13390,Dennis Pardue
BM-11785,Bryan Mills
JO-15550,Jesus Ocampo
EH-13945,Eric Hoffmann
VS-21820,Vivek Sundaresam
AM-10360,Alice McCarthy
DW-13480,Dianna Wilson
DN-13690,Duane Noonan
JG-15805,John Grady
JF-15295,Jason Fortune-
TS-21340,Toby Swindell
SG-20890,Susan Gilcrest
NC-18340,Nat Carroll
TB-21175,Thomas Boland
CR-12580,Clay Rozendal
EM-13960,Eric Murdock
MS-17365,Maribeth Schnelling
JD-16060,Julia Dunbar
BV-11245,Benjamin Venier
NM-18520,Neoma Murray
LH-16750,Larry Hughes
SJ-20500,Shirley Jackson
LL-16840,Lauren Leatherbury
CV-12295,Christina VanderZanden
BE-11455,Brad Eason
AA-10480,Andrew Allen
KM-16720,Kunst Miller
GT-14635,Grant Thornton
NL-18310,Nancy Lomonaco
FW-14395,Fred Wasserman
DH-13075,Dave Hallsten
BD-11560,Brendan Dodson
AG-10270,Alejandro Grove
AC-10660,Anna Chung
CL-12565,Clay Ludtke
TB-21595,Troy Blackwell
MZ-17515,Mary Zewe
EN-13780,Edward Nazzal
JK-15325,Jason Klamczynski
VG-21805,Vivek Grady
JK-15640,Jim Kriz
FH-14350,Fred Harton
BM-11140,Becky Martin
SV-20785,Stewart Visinsky
CJ-11875,Carl Jackson
BT-11305,Beth Thompson
TG-21310,Toby Gnade
CG-12520,Claire Gute
TH-21100,Thea Hendricks
RM-19375,Raymond Messe
SC-20095,Sanjit Chand
TB-21250,Tim Brockman
TP-21565,Tracy Poddar
MC-18130,Mike Caudle
RC-19825,Roy Collins
MH-17440,Mark Haberlin
CM-12235,Chris McAfee
LH-17155,Logan Haushalter
SP-20650,Stephanie Phelps
MS-17710,Maurice Satty
AF-10885,Art Foster
AB-10015,Aaron Bergman
LD-17005,Lisa DeCherney
CS-12490,Cindy Schnelling
JS-15880,John Stevenson
MC-17425,Mark Cousins
RF-19345,Randy Ferguson
CD-12790,Cynthia Delaney
CA-12055,Cathy Armstrong
TC-20980,Tamara Chand
JH-16180,Justin Hirsh
NP-18685,Nora Pelletier
EH-13990,Erica Hackney
TT-21265,Tim Taslimi
KC-16255,Karen Carlisle
AH-10690,Anna Häberlin
IM-15055,Ionia McGrath
ON-18715,Odella Nelson
PM-18940,Paul MacIntyre
ER-13855,Elpida Rittenbach
MF-17665,Maureen Fritzler
LM-17065,Liz MacKendrick
BT-11485,Brad Thomas
PB-19210,Phillip Breyer
CH-12070,Cathy Hwang
DE-13255,Deanra Eno
MP-17470,Mark Packer
JD-15895,Jonathan Doherty
LC-16960,Lindsay Castell
CM-12445,Chuck Magee
SS-20590,Sonia Sunley
MS-17530,MaryBeth Skach
IM-15070,Irene Maddox
GH-14485,Gene Hale
JJ-15445,Jennifer Jackson
RH-19510,Rick Huthwaite
CC-12100,Chad Cunningham
PW-19240,Pierre Wener
JS-15940,Joni Sundaresam
JW-16075,Julia West
CR-12625,Corey Roper
KT-16465,Kean Takahito
MS-17830,Melanie Seite
SS-20515,Shirley Schmidt
CS-12130,Chad Sievert
RP-19270,Rachel Payne
AO-10810,Anthony O'Donnell
TS-21160,Theresa Swint
SM-20005,Sally Matthias
RH-19555,Ritsa Hightower
NF-18475,Neil Französisch
AR-10570,Anemone Ratner
SW-20755,Steven Ward
RH-19600,Rob Haberlin
DM-13525,Don Miller
MG-17695,Maureen Gnade
LD-16855,Lela Donovan
Co-12640,Corey-Lock
BS-11365,Bill Shonely
BT-11440,Bobby Trafton
KD-16270,Karen Daniels
DJ-13420,Denny Joy
BS-11665,Brian Stugart
VD-21670,Valerie Dominguez
TB-21280,Toby Braunhardt
JR-15670,Jim Radford
PK-18910,Paul Knutson
SM-20905,Susan MacKendrick
JL-15850,John Lucas
RB-19645,Robert Barroso
DF-13135,David Flashing
CM-11935,Carlos Meador
JB-15925,Joni Blumstein
AG-10525,Andy Gerbode
GP-14740,Guy Phonely
SH-20635,Stefanie Holloman
HD-14785,Harold Dahlen
KW-16570,Kelly Williams
LS-17230,Lycoris Saunders
DH-13675,Duane Huffman
SC-20020,Sam Craven
PF-19120,Peter Fuller
CC-12685,Craig Carroll
DP-13165,David Philippe
JJ-15760,Joel Jenkins
VT-21700,Valerie Takahito
JG-15115,Jack Garza
PC-19000,Pauline Chand
CM-12715,Craig Molinari
RE-19405,Ricardo Emerson
GR-14560,Georgia Rosenberg
NB-18580,Nicole Brennan
